{
  "formatVersion": 1,
  "database": {
    "version": 2,
    "identityHash": "c5381ecea7348ca29cc76501575027b6",
    "entities": [
      {
        "tableName": "CalculationResults",
        "createSql": "CREATE TABLE IF NOT EXISTS `${TABLE_NAME}` (`id` INTEGER NOT NULL, `latitude` TEXT, `longitude` TEXT, `city` TEXT, `country` TEXT, `tahajjud` TEXT, `fajr` TEXT, `sunrise` TEXT, `ishraq` TEXT, `duha` TEXT, `dhuhr` TEXT, `asr` TEXT, `sunset` TEXT, `maghrib` TEXT, `isha` TEXT, PRIMARY KEY(`id`))",
        "fields": [
          {
            "fieldPath": "id",
            "columnName": "id",
            "affinity": "INTEGER",
            "notNull": true
          },
          {
            "fieldPath": "latitude",
            "columnName": "latitude",
            "affinity": "TEXT",
            "notNull": false
          },
          {
            "fieldPath": "longitude",
            "columnName": "longitude",
            "affinity": "TEXT",
            "notNull": false
          },
          {
            "fieldPath": "city",
            "columnName": "city",
            "affinity": "TEXT",
            "notNull": false
          },
          {
            "fieldPath": "country",
            "columnName": "country",
            "affinity": "TEXT",
            "notNull": false
          },
          {
            "fieldPath": "tahajjud",
            "columnName": "tahajjud",
            "affinity": "TEXT",
            "notNull": false
          },
          {
            "fieldPath": "fajr",
            "columnName": "fajr",
            "affinity": "TEXT",
            "notNull": false
          },
          {
            "fieldPath": "sunrise",
            "columnName": "sunrise",
            "affinity": "TEXT",
            "notNull": false
          },
          {
            "fieldPath": "ishraq",
            "columnName": "ishraq",
            "affinity": "TEXT",
            "notNull": false
          },
          {
            "fieldPath": "duha",
            "columnName": "duha",
            "affinity": "TEXT",
            "notNull": false
          },
          {
            "fieldPath": "dhuhr",
            "columnName": "dhuhr",
            "affinity": "TEXT",
            "notNull": false
          },
          {
            "fieldPath": "asr",
            "columnName": "asr",
            "affinity": "TEXT",
            "notNull": false
          },
          {
            "fieldPath": "sunset",
            "columnName": "sunset",
            "affinity": "TEXT",
            "notNull": false
          },
          {
            "fieldPath": "maghrib",
            "columnName": "maghrib",
            "affinity": "TEXT",
            "notNull": false
          },
          {
            "fieldPath": "isha",
            "columnName": "isha",
            "affinity": "TEXT",
            "notNull": false
          }
        ],
        "primaryKey": {
          "columnNames": [
            "id"
          ],
          "autoGenerate": false
        },
        "indices": [],
        "foreignKeys": []
      }
    ],
    "views": [],
    "setupQueries": [
      "CREATE TABLE IF NOT EXISTS room_master_table (id INTEGER PRIMARY KEY,identity_hash TEXT)",
      "INSERT OR REPLACE INTO room_master_table (id,identity_hash) VALUES(42, 'c5381ecea7348ca29cc76501575027b6')"
    ]
  }
}